1.180688936677862699e+02,3.339411338223000030e+02,1.897605460142528955e+03,2.901843246838180676e+03,4.086794224303481769e+03,2.362502648296256069e+01,2.035283945619660528e+01,1.576746432563534128e+01,-2.209497912124504637e+00,-4.379976225147239610e+00,1.686965747304617480e+01,2.015840938403138125e+03
5.143132700206823671e+01,3.413163897678207377e+02,1.606769556369045404e+03,2.511776891386753050e+03,3.612706775237174043e+03,2.461578919018033673e+01,1.658428412600717294e+01,1.950356268825128581e+01,4.401894210446760880e+00,4.194884683082607424e+00,1.801343172915017021e+01,2.007626808758052675e+03
6.434146156362167801e+01,3.859309598758479183e+02,1.561992480750252525e+03,2.552620211561799806e+03,3.599753335185346259e+03,1.987111688090611850e+01,2.199363005965532381e+01,1.768880864469538494e+01,1.383372730567981934e+00,-1.680235211439652376e+00,1.910059274000404272e+01,2.011645827417368537e+03
1.468585840950721604e+02,4.318780918136801006e+02,1.567833747610948194e+03,2.953526862941932450e+03,4.192608210150804553e+03,1.889741550663923064e+01,4.068471073790446368e+00,4.135169101544694747e+00,-9.510890574321146929e+00,-1.621511725241123258e+01,1.650554700620618931e+01,2.010510795210726201e+03
1.258626431024473220e+02,4.062680641864643576e+02,1.674540375850650435e+03,2.824058617954793590e+03,3.938346081250003408e+03,2.166264368440635835e+01,5.494330552339784290e+00,4.383511159804461599e+00,-1.088184871759923844e+01,-1.512218140535564892e+01,1.541504950657283501e+01,2.014110242727846753e+03
1.122403562622139077e+02,5.161750162250840503e+02,1.834924915282801294e+03,2.825309064686430702e+03,3.998454662630615076e+03,1.618616846331611825e+01,8.363700408203200709e+00,9.294565272805710876e+00,-5.798545878047292490e+00,-9.855633306832450202e+00,1.644466248670270048e+01,2.015170288420107909e+03
7.981766454670864164e+01,5.870144591800188891e+02,1.609549852770134748e+03,2.724154222505554117e+03,3.745896258770177155e+03,1.661805321212514031e+01,8.208148467255552916e+00,1.038592456794475716e+01,6.168827748989555437e-02,-2.849050601009039507e+00,1.801145369506091143e+01,2.009738004902585999e+03
1.449899333524824385e+02,5.016179630289883562e+02,1.950883467949688338e+03,2.925710682839382116e+03,4.138488988388658072e+03,1.358664977853158717e+01,6.924817924807284975e+00,3.688386290605634166e-01,-1.278062735802008909e+01,-1.302030049799632572e+01,1.614496241373884544e+01,2.015633340613888095e+03
1.257994359487468614e+02,4.561087112134601966e+02,1.701781752627578044e+03,2.818786275310473229e+03,3.974206787296795028e+03,1.869118280430594936e+01,1.360330259704858946e+01,4.064549553804335247e+00,-8.714534631754442984e+00,-1.198114766985436397e+01,1.621939816923019251e+01,2.011771048394159834e+03
1.039162351804254882e+02,6.277379056710562963e+02,1.840089784790113072e+03,2.848775969106597586e+03,3.917729192566683651e+03,1.096394153577655040e+01,3.913744231133163609e+00,4.957589704370668038e+00,-2.726653936758846708e+00,-6.339781649806027097e+00,1.693238396210582053e+01,2.007568273503508635e+03
5.442922907660992848e+01,4.292747815325768670e+02,1.613143050391529641e+03,2.690436707875369393e+03,3.675022692469227877e+03,2.025265483212366746e+01,4.259716502543591687e+00,5.602791968333156625e+00,-5.715920403191775634e+00,-5.149125714381113994e+00,1.710186080923618590e+01,2.009265450580401421e+03
3.497950765783011917e+01,6.020778499509095809e+02,1.771193853646812386e+03,2.733803078290886333e+03,3.861970020013868179e+03,1.535481648727889414e+01,1.151041788430638846e+01,1.354901940154637607e+01,7.958201258207668438e+00,8.335266487317840145e+00,1.792632375550644497e+01,2.010739951528603342e+03
1.061611225593584322e+02,4.542137492245049657e+02,1.907184703574131618e+03,2.978290012440415467e+03,4.111224719050331259e+03,1.324229647752404659e+01,6.618979208021026572e+00,-2.022862133376579941e+00,-1.669377681603480568e+01,-1.797176710121807375e+01,1.510676213890458719e+01,2.013491405878159867e+03
1.103575756467759277e+02,5.571501243750964250e+02,1.864034280900292060e+03,2.989512070157355538e+03,4.072684850605062820e+03,1.387231371499447441e+01,6.709846170319028857e+00,7.672461351323273782e+00,-7.101021186538371666e+00,-1.148523835790020797e+01,1.655011796980389249e+01,2.010372420026028522e+03
7.103721842580014822e+01,5.367329214068741976e+02,1.745835164794767024e+03,2.795431602721436320e+03,3.774524825831266753e+03,1.564023526016165988e+01,8.795171983686683959e+00,-3.749339138369345292e-01,-8.180707170666831729e+00,-8.775499776806825025e+00,1.775348245238137679e+01,2.008087481518199866e+03
5.021654391782841742e+01,6.588772295508373418e+02,1.765361551285079031e+03,2.690117048986754071e+03,3.829134024655480971e+03,1.634980334696009763e+01,6.079458084885471791e+00,7.726731437352623466e+00,-4.789885540386330520e-01,-1.129690164244179895e+00,1.894956935994058256e+01,2.005134442350078871e+03
1.130250900867338544e+02,6.513300205322793772e+02,1.989014581995597155e+03,2.886902412717843617e+03,4.109397266566897088e+03,5.761028307074014698e+00,1.155037445127125117e+01,8.349819503218293804e+00,2.426267219716450096e+00,2.203942504785529610e-01,1.800791216204308753e+01,2.019379474218159430e+03
5.854604327739536274e+01,4.536269433819002757e+02,1.651356058980136595e+03,2.717973263796625361e+03,3.858945022355201218e+03,2.277574603902061767e+01,7.287896352468813177e+01,2.065354854747834068e+01,1.035094775823210433e+01,6.742473291633077181e+00,1.732690138921126177e+01,2.007980500221168086e+03
6.215226958755847875e+01,4.842534392770438103e+02,1.691121655283657219e+03,2.897478041465451497e+03,3.815475611798182854e+03,2.058109295786765003e+01,1.209536046327369618e+01,3.756648212631983785e+00,-3.819565137595420712e+00,-4.846403527633990294e+00,1.799597317087300041e+01,2.009695451195570286e+03
1.181368016309129132e+02,5.088448581142501439e+02,1.872045177272076899e+03,3.044629803589034509e+03,3.985725866455878531e+03,1.574770298871792384e+01,7.633333562150577123e+00,7.658849348707152949e+00,-3.058007269189277455e+00,-5.732700084815852470e+00,1.739283040914139278e+01,2.017443645941334125e+03
7.082350326985564948e+01,6.439522604446666492e+02,1.809916632927772071e+03,2.874398310291050166e+03,4.013219717687073171e+03,1.053397211469644290e+01,1.288437380159952683e+00,6.726909190573933106e-01,-4.026885718807124981e+00,-7.751704680816491333e+00,1.655705541501707145e+01,2.009587964225954011e+03
8.482425948707962959e+01,4.899938091507143554e+02,1.707051606779085887e+03,2.781163100851323634e+03,3.771876884293144940e+03,1.828337352913665725e+01,2.491772242573340890e+01,1.394901856452755418e+01,2.889948720165176343e+00,-1.018890594314472597e+00,1.699967415995473274e+01,2.007736170761317453e+03
9.308728412900823912e+01,5.015105606875538342e+02,1.715652054179846573e+03,2.660357645310381031e+03,3.640384760303014446e+03,1.734145995456063716e+01,2.808425382841510398e+01,1.507857850669673816e+01,5.435843056276087992e+00,4.646740366849614112e+00,1.765243581137472617e+01,2.005989929470198604e+03
7.485368482496538434e+01,5.275396847401102605e+02,1.897971229470651224e+03,2.778469025776501439e+03,4.001609018471928721e+03,1.430785807565398748e+01,6.579214293573188321e+00,4.830990036261601617e+00,-3.565429601552570382e+00,-5.131697288617206532e+00,1.823025828600097142e+01,2.010858349273736167e+03
5.769071472225395780e+01,6.160376220992950493e+02,1.783799967673859555e+03,2.903787698559774981e+03,4.019449760516207789e+03,9.625845844435760412e+00,1.391565167379273715e+00,-1.105644256491292943e+00,-4.331936003110056888e+00,-5.385292648550130679e+00,1.680108936001832021e+01,2.008294614404997219e+03
5.014057431738207526e+01,4.472645520114042483e+02,1.675430344224456348e+03,2.767800329938149844e+03,3.832224090833673927e+03,1.754780836883641015e+01,7.666358677715343184e+00,8.630803806281873491e+00,-2.443479742935879440e+00,-6.237580783527514328e+00,1.845776925036230054e+01,2.007839213977696772e+03
6.456351521103644586e+01,5.575828733145134493e+02,1.848730642369181396e+03,2.895014574614815956e+03,3.949958768652445542e+03,1.409443639613758492e+01,1.218201489196217402e+01,1.437232396861642947e+01,1.786192937709610629e+00,-6.686271720388848872e-01,1.741161620919985964e+01,2.004465774666324251e+03
5.143731219693577117e+01,4.376954728965911841e+02,1.630329269019741560e+03,2.508233322344872704e+03,3.548541866034675422e+03,2.250446861321302094e+01,7.390151463421373634e+00,8.298182142496065339e+00,3.815556697140927156e-01,-2.336397861623642491e+00,1.773097854557298803e+01,2.007461807736029414e+03
9.761914331331935557e+01,5.886481852059972653e+02,1.869368374169371464e+03,2.933695859287338862e+03,3.900717538325247915e+03,1.382527304577894434e+01,2.772926741613549240e+00,2.454723441744718571e+00,-2.752891622416474338e+00,-1.606005183674800385e+00,1.694377037364049343e+01,2.014121843780305881e+03
4.073365567070144522e+01,5.519545227857968257e+02,1.717718844797733027e+03,2.648508390190181672e+03,3.840402469626978473e+03,1.478438450861813891e+01,1.648668875173664006e+00,3.614359599307873427e+00,-1.249252709210112000e+00,-3.670087413068820581e+00,1.716445303915606146e+01,2.006876782320636948e+03
4.517408838985529229e+01,5.657429301334108231e+02,1.775090848390039355e+03,2.747886269451379121e+03,3.769503781216445987e+03,1.270083724564010197e+01,6.521094031498320120e+00,5.245790129845729233e+00,-6.284408170143072070e-01,-1.093463367721680513e+00,1.776383708184871679e+01,2.007414519001162944e+03
8.087537638661163442e+01,4.415297192012486107e+02,1.736661145521620483e+03,3.013525867520925203e+03,4.089314061619308177e+03,1.824932546460783200e+01,1.213596801633672939e+01,1.248484031621405954e+01,-1.509721697149589703e+00,-3.214212171409708052e+00,1.602219180931522402e+01,2.006067708171372487e+03
1.152721811369214890e+02,4.248188925469866035e+02,1.800968963097092910e+03,2.927344770259529014e+03,4.055008231098517626e+03,1.671032300710511009e+01,6.316230972655354492e+00,1.177231771649382530e+01,-1.040506040384287179e+00,-4.394926755178672373e+00,1.580895285055637522e+01,2.016561345373038648e+03
5.248852491212031168e+01,5.198135815407791824e+02,1.644859914617240747e+03,2.623714475964909980e+03,3.692707309653222637e+03,1.972326296828845926e+01,8.598383430903135505e+00,7.516198419992954349e+00,-2.787852373977061760e+00,-6.569544492845500017e+00,1.789506692671495713e+01,2.007958647216191366e+03
8.559573463606754729e+01,4.486317688990235411e+02,1.850544076701696667e+03,2.889768947558592572e+03,3.957815797754274627e+03,1.778023883431617236e+01,4.118205481898745468e+00,9.609726117297476833e+00,-1.907126588519390209e+00,-3.899325528229627746e+00,1.709953314379452394e+01,2.010596976614790492e+03
6.042430428646347451e+01,4.942821490569302227e+02,1.609961693643837407e+03,2.554865467485410136e+03,3.657702438221643206e+03,1.815304685816839125e+01,4.028164611700514541e+00,1.035485666309000230e+01,3.170058110462356638e+00,2.621653274601106531e+00,1.676868796298801811e+01,2.010501980264704798e+03
4.648008449612959936e+01,5.225897475121246316e+02,1.740754049924830497e+03,2.725507135014032428e+03,3.889590507723802148e+03,7.729048255859029659e+00,8.448777017318338523e+00,2.876338259023326405e+00,-7.837363282247976848e+00,-9.822632571396697543e+00,1.867170362440930731e+01,2.006236266774174737e+03
4.100371517495599960e+01,5.393632211424086336e+02,1.704299047769933395e+03,2.663715941445741009e+03,3.744439777503780078e+03,1.672873193227782807e+01,1.220481430161438929e+01,1.096972866687386983e+01,6.768006152987364743e+00,4.637136495288634919e+00,1.869606923001738963e+01,2.006484826442505891e+03
6.131325913440353048e+01,4.818764295104671760e+02,1.774263456308454579e+03,2.696089357325069614e+03,3.513739641625640161e+03,2.184911042131021119e+01,3.949927774843343542e+01,1.989363886666005499e+01,1.330746046192225229e+01,1.708148391885757889e+01,1.760939786641074178e+01,2.005321985456382436e+03
7.707475941134046593e+01,5.182346248442545402e+02,1.785113851182541566e+03,2.761587628427286290e+03,3.867962661291639051e+03,1.840478663044486396e+01,1.006567592580574555e+01,1.352484844344134274e+01,2.246149711964426476e+00,3.447580385926632407e-01,1.857713363834061582e+01,2.008817177087570371e+03
4.019455773118209407e+01,6.015198635088354422e+02,1.809163205948653058e+03,2.758513872101217203e+03,3.714222611610794047e+03,1.002698491289016580e+01,3.964576255917152903e+00,7.648307585067100511e+00,1.429525414123407057e+00,9.589690692504468927e-01,1.833226493310903038e+01,2.005817936025514882e+03
5.448738936469627703e+01,5.290484666738923352e+02,1.632542541814276774e+03,2.596163361551542948e+03,3.816722940671206288e+03,1.538181552749856706e+01,3.008805626411398926e+00,4.946872910525267564e+00,-2.832295316990057543e+00,-4.224131545684074673e+00,1.833565403117535553e+01,2.008218410354324305e+03
9.451837889847438134e+01,4.143292158727895753e+02,1.608981200766938855e+03,2.702970617596562079e+03,3.783723582435159187e+03,2.247683056694620163e+01,7.160086696178891152e+00,1.366163851197031853e+01,3.524749101325729495e+00,-1.304463049219928061e+00,1.721759324922808787e+01,2.009288215848274149e+03
1.019870075683390809e+02,5.366482985578793432e+02,1.808980986836114425e+03,2.843425940300987804e+03,4.018259246162978343e+03,1.320164970107057201e+01,5.888694650011102816e+00,7.163658815606732233e+00,-1.368328131617018162e+00,-4.505856275429704461e+00,1.750674930985869082e+01,2.011148665998629440e+03
7.260620744795645010e+01,4.977305772462960931e+02,1.773781750510873962e+03,2.938556929765739369e+03,3.836537492400418159e+03,1.901354725432695503e+01,4.381763992456113144e+00,4.487618879615213885e+00,-6.580424611471699770e+00,-9.307667388185517865e+00,1.785517693849702070e+01,2.009325770913248562e+03
1.081232479577350603e+02,4.594702769801190811e+02,1.824860638163861722e+03,2.777683990278132569e+03,3.495131133483506801e+03,1.766150415869430645e+01,2.423545688530946762e+00,7.344992194235479666e+00,-4.470037467783138929e+00,3.034154523230094269e-01,1.755701474410661334e+01,2.015575614096808749e+03
1.354953661960886677e+02,5.263175281725443710e+02,1.745045820153321529e+03,2.862113341437620420e+03,3.934327684659339866e+03,1.564813102448465720e+01,4.267065805630435804e+00,4.734351711764037240e+00,-5.859667162574247357e+00,-8.611230840539011666e+00,1.791145803229096956e+01,2.010143952929518719e+03
1.069072809092169791e+02,3.310267610537122778e+02,1.845827723558415983e+03,2.837079502295503517e+03,3.858216445501613180e+03,2.382411122952799687e+01,1.243501747527175105e+01,1.292988957224598146e+01,-2.498397855852735550e+00,-3.756652883233466245e+00,1.664719691365706211e+01,2.014737567905750666e+03
9.588374356019843958e+01,5.011708420093100358e+02,1.780001961660079132e+03,2.798935381711600257e+03,4.007787786337584294e+03,1.903608570443376991e+01,4.879459181713273530e+00,8.970550254131826051e+00,-2.757067843153045317e+00,-7.230977881533610763e+00,1.677525657432837392e+01,2.009711079617947462e+03
1.201830134491120390e+02,5.234621324096443686e+02,1.799192376209098256e+03,2.811095676481132159e+03,3.840952443920759379e+03,1.459601784463752061e+01,9.065858025242041762e+00,4.024507391443055582e+00,-7.115068508916200685e+00,-8.745224051286578870e+00,1.779652899590985271e+01,2.013416091611154570e+03
5.116408600508364657e+01,4.875220225176387885e+02,1.631291735549834584e+03,2.761727079458108165e+03,3.770334363043912617e+03,1.959374864921831616e+01,7.157279558525004859e+00,6.181515255376547557e+00,-4.810145498497130134e+00,-8.272009506412450364e+00,1.682494474617183755e+01,2.007624372708217834e+03
4.020577140214381018e+01,5.745207403236225900e+02,1.600170561807929516e+03,2.472829548417720162e+03,3.639010897517204739e+03,1.879858415168491348e+01,3.855069009097482624e+00,8.599310767056698168e+00,4.968539852477522167e+00,3.145005051181813727e+00,1.787183742281696297e+01,2.007619549531572829e+03
9.798644259021821767e+01,4.527204540640267965e+02,1.977996019981148265e+03,2.932785703162417121e+03,4.041212409503720664e+03,1.787228987933134050e+01,9.013484852149982629e+00,1.139615540028914609e+01,-9.972212738434591550e-01,-3.268642380938069802e+00,1.675914956638876063e+01,2.016573525566518128e+03
9.266470657657160359e+01,5.583371462545950408e+02,1.948016424948463282e+03,2.815774525560831989e+03,3.837964739405452292e+03,1.470980521134305263e+01,5.104142788454645974e+00,5.283080073852039149e+00,-5.024587015666374334e+00,-4.971257042134647364e+00,1.754455786425947039e+01,2.013238667109784046e+03
5.558585783746788422e+01,4.897562139037597149e+02,1.719089133992282314e+03,2.690315529466568478e+03,3.722565329486874361e+03,1.798313667573302155e+01,5.794151190853115807e+00,8.003816676659708307e+00,-3.167992264928764179e+00,-6.972030666124874543e+00,1.762668484139081215e+01,2.007393699947342839e+03
1.006403962871768272e+02,5.239417653848335021e+02,1.806464425519963697e+03,2.829479278972092743e+03,3.958746550464557913e+03,1.578292454896166674e+01,4.290023053941995457e+00,5.875670538129702081e+00,-2.880874360624380515e+00,-4.142330802906428744e+00,1.780802259516180186e+01,2.009401754906408996e+03
1.226282227098563453e+02,5.539183010444512547e+02,1.831068326561000504e+03,2.840674033810371839e+03,4.031536967991037727e+03,1.671416846553037061e+01,3.807738558143469731e+00,6.488291265284444442e+00,6.527806770284055871e-01,-1.459250074385636697e+00,1.811993436061790419e+01,2.010799615265269949e+03
5.963865143206670894e+01,5.449519384412780028e+02,1.830406438241738897e+03,2.732320366463730352e+03,4.034185977712454587e+03,1.090069343273145819e+01,5.032361719607437500e+00,-1.100353146630894008e+00,-8.078296658159269228e+00,-8.592294810188302989e+00,1.726149195427129612e+01,2.012565942259040185e+03
8.088615593895966072e+01,4.322716790649117797e+02,1.779723594634712526e+03,2.680020438670601379e+03,3.764017944367941254e+03,1.687386909548986225e+01,7.940903443793017935e+00,1.540035117593597569e+01,-3.181109348129974035e-01,-4.877135834486857391e+00,1.707776037806281622e+01,2.009198419428502802e+03
7.555756065153705947e+01,3.491121200651668914e+02,1.915736233654994749e+03,3.041378589792514958e+03,3.942085177049757476e+03,1.558773417859214305e+01,4.478762892315345745e+00,7.650864901265626905e+00,-4.177454478877391075e+00,-1.463127453764941466e+00,1.783179036131649653e+01,2.006822047872308076e+03
7.664195166179506202e+01,5.668054989508112840e+02,1.802993031282124775e+03,2.763904134723628431e+03,4.119048841338834791e+03,1.464335247404945761e+01,3.098971091769911812e+00,1.281601696806975998e-01,-5.484516932983355630e+00,-7.294615574716565298e+00,1.644309934404092388e+01,2.016771871874943827e+03
6.125313703433025836e+01,6.239448374265654138e+02,1.587842873775837461e+03,2.467788745455332446e+03,3.685443931643014821e+03,2.023730146124403717e+01,5.867576524501180835e+00,3.840747970121702881e+00,2.178393369471697483e+00,-1.379450417091895975e+00,1.892304845300757421e+01,2.012446285154125007e+03
7.378946238019807424e+01,5.196133907658103226e+02,1.616281966200680927e+03,2.734435180385761214e+03,3.492410669117600264e+03,1.872114851061778751e+01,3.178731437687644323e+00,2.078737130166993019e+00,-4.120639479249692094e+00,-4.452926513215112791e+00,1.643963385299215929e+01,2.010663226933035503e+03
1.064810162359575116e+02,5.462836406578639981e+02,1.790617660270272836e+03,2.721246034808409604e+03,4.032585374021315147e+03,1.460520088264114591e+01,4.427051388348599126e+00,8.867811795228858429e+00,-9.362201079239493851e-01,-2.284128785759725222e+00,1.791644016732282196e+01,2.007389994234431242e+03
4.326378629139694709e+01,4.600788969816708800e+02,1.596609028004315860e+03,2.937305599677485588e+03,3.932181321098840726e+03,1.516102726617885388e+01,5.590754672318537288e+00,1.166403691507412432e+01,1.079880177353049309e+00,-1.757319335381655634e+00,1.608356253757820298e+01,2.007582552935640706e+03
3.982080856654388157e+01,5.661045543999841811e+02,1.860247889548801595e+03,2.833764050263439458e+03,3.880816230017887392e+03,1.018904420547920608e+01,5.078731938612605745e+00,1.737287353570053927e+00,-2.327370025720101321e+00,2.145636971100176732e-02,1.741821239020353573e+01,2.006921535269525521e+03
6.777450827687179924e+01,4.192599585316117441e+02,1.682914882599149450e+03,2.608913492643595873e+03,3.680722987129709509e+03,2.047174066733422038e+01,9.361685212194672090e+00,1.065484161284153686e+01,-2.580440335624393455e+00,-3.965512385706671417e+00,1.720071656435206719e+01,2.008119634803870895e+03
9.772251950566474932e+01,6.331303747136528273e+02,1.823570791120399690e+03,2.806300058139610883e+03,4.000996264822957528e+03,1.008593860524354469e+01,2.996527179467441471e+01,6.597119366679488728e+00,-3.726579988402327626e+00,-7.541982996730465238e+00,1.790570334160168997e+01,2.015221740992568357e+03
4.949216052494981710e+01,4.815768975503661409e+02,1.621520802538774433e+03,2.523216432816673205e+03,3.535464381673008575e+03,2.024019455825978042e+01,7.361697516739351244e+00,9.846618469337595769e+00,1.442581834755748638e+00,-1.429258040212801895e-01,1.744973278768290115e+01,2.008244329760678511e+03
6.035771966828319535e+01,4.634194175226490415e+02,1.791912425490910891e+03,2.747396445445322570e+03,3.698327945626049313e+03,1.816407914889749264e+01,3.864600538271572905e+00,9.787447419760045619e+00,1.674333841896574970e+00,2.850025749188584534e+00,1.827680610936139871e+01,2.003325435749465896e+03
6.578633118390442291e+01,5.025184386927164724e+02,1.747155730888575818e+03,2.759987340339265302e+03,3.939377605440553452e+03,2.040969112709861477e+01,5.906835151682013674e+00,5.641317944422172381e+00,-3.599130514980572570e+00,-7.252414194082743570e+00,1.786531693983577895e+01,2.008180569908745611e+03
1.055660275084292721e+02,5.347102510687250287e+02,1.836966092757830438e+03,2.910174191548678664e+03,3.818615739217076225e+03,1.654577802714989332e+01,7.330731542178361870e+00,6.100981767166353542e+00,-1.569540887516256200e+00,-1.687505496605489208e+00,1.702185542278680686e+01,2.009831741503373223e+03
1.117470823658983790e+02,4.824092663566600550e+02,1.774703432298239704e+03,2.813423292448013854e+03,4.025246604344799380e+03,1.728239914932481014e+01,4.977745576970476371e+00,9.384607090412744768e+00,9.581839496941830792e-01,6.526822409947676817e-01,1.891714484406498897e+01,2.011148427912554780e+03
8.089950998965093731e+01,4.044349893799729330e+02,1.810628052150057783e+03,2.802886130027557556e+03,3.827957824481292391e+03,1.789869825285181193e+01,8.009033714997986664e+00,9.406971229255486122e+00,-6.743458698730253609e+00,-7.614830975486087006e+00,1.755773421477319118e+01,2.014782530419535078e+03
3.892700036668733787e+01,5.547082177009757515e+02,1.803803357661125347e+03,2.795359405707329643e+03,3.789371151330067732e+03,1.182929374845236481e+01,8.383715321541162169e+00,5.020815640958767645e+00,-5.031742279643986571e+00,-6.199063017026420042e+00,1.628265903222074584e+01,2.005414719368815895e+03
4.042484546952238844e+01,5.105000790160170823e+02,1.683393056544436149e+03,2.719818900721743830e+03,3.717982873819443284e+03,2.028722091697504837e+01,4.482948438874315933e+00,3.595969835516375834e+00,-6.353851454657558406e+00,-7.847385920336939158e+00,1.745090144172450763e+01,2.007378106633158495e+03
2.960319373794161990e+01,3.872293958625073174e+02,1.688615605512203956e+03,2.802295760366025661e+03,3.780092727209206259e+03,2.498165379965794486e+01,1.418145050199896673e+01,1.273279173465788894e+01,9.093501532114434474e-03,-3.497183775891897106e+00,1.681446786525091142e+01,2.005780863301697309e+03
6.959143385536047788e+01,5.141862901094932568e+02,1.751132821737441645e+03,2.736197394358828660e+03,3.803690950199652434e+03,1.865595689217600039e+01,1.860531810233125682e+01,1.113774513195167870e+01,4.747115207695704164e+00,4.529088589897032335e+00,1.913681606711924843e+01,2.010087908265255919e+03
5.327169567947910167e+01,5.197887293018010268e+02,1.818402313482489262e+03,2.824673855678320706e+03,3.807226557465142832e+03,1.760530848538603266e+01,3.861092087584601540e+00,5.809720537242426097e+00,-5.372108972203144539e+00,-6.806906901186088099e+00,1.734512265600333336e+01,2.008218023655821526e+03
4.277723864231541029e+01,4.583348389324885943e+02,1.549874386022194358e+03,2.602591155517689458e+03,3.823560755878906093e+03,1.399391329450595833e+01,4.737951433962377834e+00,5.940468568541667160e+00,-2.828930667718507319e+00,-6.715555448947903017e+00,1.814128287900952685e+01,2.005732722702443198e+03
5.268852431379503543e+01,5.387831084434831155e+02,1.776202930586555567e+03,2.643548399672162759e+03,3.679004184599510609e+03,1.339097622344050720e+01,4.932543810572732390e+00,-1.608667612316849072e+00,-4.151224411758625443e+00,-2.902212491547555562e+00,1.851702475054579722e+01,2.009175287489161065e+03
7.545409399055978383e+01,4.457541760426518067e+02,1.668786180882058488e+03,2.740047920181942118e+03,3.840400441344003411e+03,2.226480506369542667e+01,5.843413038823829453e+00,7.444978245556352014e+00,-4.844315519170385720e+00,-6.896088181858391231e+00,1.823185004326971281e+01,2.007148789897803454e+03
4.366016958695300332e+01,6.537487061175445433e+02,1.702488629092199972e+03,2.622300050549727075e+03,3.745321795773354097e+03,1.219144715711840377e+01,2.625588556497067128e+00,-1.413326797988013306e+00,2.513887419591220307e-01,-3.509829730999831088e-01,1.772444004714931864e+01,2.007397624049804563e+03
7.501118533348524409e+01,4.894383620654615470e+02,1.651192394285779301e+03,2.851112763799011191e+03,3.913319288548917939e+03,1.558017884755294702e+01,1.565393868035598146e+01,1.095963905851645670e+01,-1.801674017905587455e+00,-4.573606284064750227e+00,1.872736498318943887e+01,2.006426908475886421e+03
9.428397460539687813e+01,4.170456418509785976e+02,1.822767371435898667e+03,2.764658280069984812e+03,3.948621017467934053e+03,1.798474993147097223e+01,8.447479604196791669e+00,7.187157770086652242e+00,-8.148855359327230374e+00,-8.968311435520391228e+00,1.624144796186581985e+01,2.012734753020574090e+03
8.225332570313000247e+01,5.800408972916545736e+02,1.820883041475472282e+03,2.840729013871758525e+03,3.819339638365598148e+03,1.648219570588360483e+01,5.370588106535027606e+00,4.873953457221603003e+00,-2.585612991750751544e+00,-3.571511695580341428e+00,1.831449602465364279e+01,2.012070866265776203e+03
1.205618642757181362e+02,6.322515271378512125e+02,1.860930721772506331e+03,2.826615899308848839e+03,3.998180939862424111e+03,1.496406643026986316e+01,2.979499760953947529e+00,3.545387507145319805e+00,-3.326135718796335183e+00,-3.374111622601785321e+00,1.854096453035081637e+01,2.011632608807411316e+03
5.415680038417252717e+01,4.509457708258008779e+02,1.628840600495341278e+03,2.648193226085686547e+03,3.823448310890571975e+03,2.158674249444129245e+01,4.667450446950872411e+00,1.038490417274124056e+01,4.011987190189960195e+00,2.760272477291721427e-01,1.822361942118077494e+01,2.009303958395824566e+03
1.022883137269296157e+02,4.447802198525665176e+02,1.631254402444632206e+03,2.677709901196918963e+03,3.784923788175879508e+03,2.072942341731543436e+01,8.988386087259423007e+00,9.063744835005850931e+00,-9.162465834207479176e+00,-1.494144875293131669e+01,1.715075823447186565e+01,2.011156567209096238e+03
6.166196524430424830e+01,5.173456839204989137e+02,1.721822102314838958e+03,2.779788167433137914e+03,3.974776335882280364e+03,1.601553608250420524e+01,1.395927236139185901e+01,1.290909461876535858e+01,6.579753026812706906e-01,-4.217862479091598615e+00,1.711323727773199010e+01,2.004799755044155518e+03
1.086450776056010454e+02,6.012019288061231919e+02,1.880002050713537301e+03,2.737166417554222789e+03,4.039948196372196890e+03,1.462590686243210492e+01,4.293872280929829977e+00,4.670534714319921399e+00,-3.567154367443353014e+00,-7.800350157417943464e+00,1.721374955003041407e+01,2.012751902889882558e+03
4.290239041400067066e+01,2.903629024485746868e+02,1.819874827475971188e+03,2.793367476302614250e+03,3.852404966679666813e+03,2.525979587231312706e+01,1.624793217700530690e+01,1.657440945462950666e+01,-3.153252584808093228e+00,-4.611798226055049632e+00,1.655591506812192648e+01,2.009053306448216517e+03
1.059099414567781849e+02,4.807859529112544692e+02,1.976252557193787197e+03,2.829565583578338192e+03,4.097916187159045876e+03,1.240037020412284718e+01,5.853632017941595933e+00,8.074582597084527080e+00,-3.617661654005260186e+00,-3.244193780857158593e+00,1.689303670441726268e+01,2.013041056457742343e+03
1.005483901318753226e+02,6.572367518820476562e+02,1.767576178456974958e+03,2.844773041568116241e+03,3.903109831483884136e+03,1.514344544238077717e+01,5.899627121431085364e+00,8.569396979690273142e+00,-3.596547276081857536e+00,-1.029103816402825800e+01,1.707352963878716423e+01,2.006004259941668352e+03
9.329607940321994874e+01,5.064515131445203906e+02,1.773677743806702210e+03,2.821584181662409719e+03,3.971468999216954217e+03,1.477378558988043444e+01,3.537941279256942018e+00,7.627587585683796689e+00,-4.914479755532779492e+00,-7.952019399103829045e+00,1.654432040685774297e+01,2.013135524222988124e+03
1.091392179327146863e+02,3.088266774847119223e+02,1.754619051998603936e+03,2.706938812191159741e+03,3.876247803482823201e+03,2.696138135560970639e+01,1.066444982981244038e+01,1.423057501111743228e+01,-4.088875692112212690e+00,-6.456644286042875436e+00,1.616025429692978932e+01,2.018925514514146926e+03
1.276149431236371328e+02,4.657641382735097864e+02,1.746010453019308443e+03,2.680259932328188825e+03,3.831207861017255709e+03,1.669667137229818721e+01,4.463663582431786736e+00,3.654108096943643247e+00,-9.633031464717367598e+00,-1.244428882025325578e+01,1.614348138410431233e+01,2.012685927372359401e+03
4.822060097642003029e+01,5.760847429434044216e+02,1.660522155833392617e+03,2.660955365265810542e+03,3.791639735447738076e+03,1.285202035266190457e+01,4.844141382238301929e+00,4.679216941662341256e+00,-1.108946457507899108e+00,-3.729700555449285471e+00,1.752540961435400035e+01,2.004678693773039868e+03
1.482676899836491486e+02,2.971026886839409826e+02,1.774800323692633583e+03,2.877901710171935065e+03,3.981476514583370772e+03,2.728233213250590339e+01,1.745128410022775611e+01,2.032592421371122171e+01,-1.742200932224453602e+00,-5.116453684223631448e+00,1.593079750996673383e+01,2.017076445405022241e+03
8.248104202212546454e+01,5.280175033182379138e+02,1.750565746239268492e+03,2.739171381019363707e+03,3.834755997705527534e+03,1.436106044292234074e+01,5.219439764241017521e+00,9.163592355565787884e+00,-8.438507887320931822e-01,-4.339595509446540156e+00,1.659418416291229192e+01,2.014165329281213417e+03
9.656374912488499263e+01,6.753855068480955879e+02,1.955670055124521014e+03,3.117572946582170516e+03,4.154693234448922340e+03,2.245265036290142735e+00,4.866279922409225023e+00,1.092560954084352692e-01,-9.227186356588138239e+00,-9.736614851369486345e+00,1.722915925677506266e+01,2.012403218195073578e+03
1.215210318702732337e+02,5.509105606615332817e+02,1.976539166504533114e+03,2.884662104910920334e+03,3.925681036107676391e+03,1.449398837238296345e+01,4.908869498723862357e+00,5.339485323800399641e+00,-3.709049385330376758e+00,-6.653997626617845995e+00,1.812597722441396542e+01,2.017446623389375418e+03
1.105022031566061287e+02,2.994399109275060482e+02,1.859050123959820667e+03,2.833803383201213364e+03,3.988749918381304269e+03,2.661312298481954386e+01,7.761848037080485874e+00,1.259688661283115962e+01,-7.071037628619355253e+00,-9.145368940418201475e+00,1.649076955425331548e+01,2.018777746511865644e+03
5.503915854728182211e+01,4.226926440814699504e+02,1.750529322402927846e+03,2.813774759639684817e+03,3.757784719903684618e+03,1.530699434445396356e+01,1.712929824123128242e+01,1.672444264451496565e+01,1.445759675695293955e+00,2.927269989062908917e-01,1.702810525246037443e+01,2.007905865060203041e+03
1.137149584920077245e+02,5.070703871325961813e+02,1.945375934513803486e+03,3.107357102483813833e+03,4.116378639978760475e+03,1.203830230580116556e+01,8.990957284933880800e+00,1.083669088741618936e+01,-6.833042633734305316e-01,-3.515176628055462493e-01,1.798430591216935071e+01,2.016267824792520742e+03
1.041580130581338608e+02,4.802757869725855358e+02,1.758386580816297737e+03,2.818301189815245380e+03,3.884284122917578316e+03,2.206111047049055429e+01,6.163803334321080740e+00,1.558445508088778375e+01,3.873520511661758370e+00,-1.039493196044828149e+00,1.651885446426544490e+01,2.012448623854964126e+03
6.284901630177437681e+01,6.018219739180890429e+02,1.821452050083402582e+03,2.749927843876067527e+03,3.765841201111042210e+03,1.007457143769483743e+01,8.811981663161768452e+00,1.013706610837291855e+01,3.778795539745499976e+00,1.993019838642086983e+00,1.682800431032861255e+01,2.008181020908173423e+03
1.071795836557335520e+02,3.026131102329787268e+02,1.862601510832706708e+03,2.881961410394176255e+03,3.914179088262847017e+03,2.325149163092938309e+01,1.132385722249782489e+01,1.832920089838979294e+01,-2.005970628313735737e+00,-4.796986341103700369e+00,1.663586022389590724e+01,2.015843480542788711e+03
1.085771232696823176e+02,3.797986126377830942e+02,1.825526701154113653e+03,2.903827403303608662e+03,3.957738194024576842e+03,2.185626285642241129e+01,6.119535577457054565e+00,8.505446696707519294e+00,-7.944030860478831002e+00,-9.923114657594398480e+00,1.600584962385957866e+01,2.014854425421839551e+03
6.040943706792042889e+01,4.478356156286448027e+02,1.722907226568148417e+03,2.780746004004358838e+03,3.771153317911151134e+03,2.058592322374677153e+01,1.112482902517587391e+01,1.006936257494486497e+01,2.092001986183210871e+00,1.721642423123370236e+00,1.951751811233091161e+01,2.007063794037781690e+03
7.066273868624716670e+01,4.354525962631728362e+02,1.660705770498065249e+03,2.879438298035557636e+03,3.827462576223047108e+03,1.972311245767804522e+01,7.231885765255935183e+00,1.115268184618796710e+01,-1.920216149281704698e+00,-3.682043066410351617e+00,1.690681534768670602e+01,2.006127565060358393e+03
6.390933526638949047e+01,4.238354369615764199e+02,1.807719542817490947e+03,2.730046260810225704e+03,3.709786412282330730e+03,1.853857610809671996e+01,1.918983775684195692e+01,1.597925014627360341e+01,8.160758083821013642e-01,2.429683932337584062e-01,1.734542045827381784e+01,2.007348437280298185e+03
5.662025667632468640e+01,6.255965159454224249e+02,1.811857340326357416e+03,2.775340704500192260e+03,3.805689627717842086e+03,1.114584507459928631e+01,1.018920865946232013e+01,7.599687074937014231e+00,2.620811668254515503e+00,3.077599424727138766e-01,1.697190603496762051e+01,2.009268418418356077e+03
7.123899804148200587e+01,5.570636019044748082e+02,1.670411447447625505e+03,2.753010900367807608e+03,3.706491862164476061e+03,1.767829519137519512e+01,2.257051921119631999e+01,1.733979393976068906e+01,8.474589249416450087e+00,5.648337268079982820e+00,1.916067514510562830e+01,2.004922029366583502e+03
3.852876385722728969e+01,3.847741755827898373e+02,1.794448977236753763e+03,2.773299104240468296e+03,3.808926316043777661e+03,1.923530581158554398e+01,1.258542757063381323e+01,1.382219367858038162e+01,-1.745838989631945504e+00,-3.190187295847596971e+00,1.693392460511132569e+01,2.007317021597727717e+03
8.183710517216964320e+01,5.942727422874646663e+02,1.864253665551111226e+03,2.830653698477968646e+03,3.994872700002441434e+03,1.236901981338163559e+01,1.836064864336965030e+01,7.510604670065647248e+00,-6.285551587595791245e-01,-1.562431549082211824e+00,1.702390371241159528e+01,2.009153726016687642e+03
4.237996904149147781e+01,5.829367363087797003e+02,1.926767749689851144e+03,2.955411058875497929e+03,3.866749782639363730e+03,1.287131080778647529e+01,9.631533456246444302e+00,6.001337553058315066e+00,-2.954431496636258814e+00,-1.262908024813075514e+00,1.597281295137181445e+01,2.007677131543901623e+03
1.168449350945502090e+02,4.496448824680293797e+02,1.915281491219360532e+03,2.951495548602503732e+03,3.993406187945906822e+03,1.787085007135806691e+01,9.116547416439868101e+00,9.408326133631701893e+00,-5.391265788565344330e+00,-8.264280599717508835e+00,1.561037618761575807e+01,2.016680511731088927e+03
6.740810031115299239e+01,4.453457153289852499e+02,1.658483368271058225e+03,2.753775719084175307e+03,3.860409453577338809e+03,2.795632533072257431e+01,1.318881070366133557e+01,1.400321687971504403e+01,1.695716730954556217e+00,-2.554204354070229499e+00,1.813657109801920342e+01,2.008124828950646588e+03
8.150403159037115586e+01,4.518905185280772798e+02,1.708268308142134401e+03,2.795638811284903568e+03,3.810142340925269764e+03,2.161625260581283570e+01,9.009296884623063661e+00,1.113393704454867539e+01,-3.138086724040960451e+00,-7.181290488416991913e+00,1.707817011496388915e+01,2.009990096996467173e+03
5.199690058003986337e+01,3.866289274842446275e+02,1.662041187756412000e+03,2.600074317949369743e+03,3.906493623874437617e+03,1.876270672725505051e+01,9.774108596538971128e+00,1.181059349515122392e+01,-4.064647837279606435e+00,-7.827937765432966266e+00,1.707666026779055102e+01,2.004381822822517506e+03
1.128366339529380440e+02,4.020235564413765701e+02,1.795042598746899102e+03,2.755037109284775852e+03,4.017523302509909172e+03,2.190198772881325695e+01,8.397486656398314153e+00,1.295958201010943078e+01,-2.005852253804933039e+00,-3.521523185498424802e+00,1.691238742917396465e+01,2.015415415259774591e+03
5.389976863746845481e+01,5.349927855943257100e+02,1.598422509450153029e+03,2.670047548960005315e+03,3.744613291993134226e+03,1.878501196236840087e+01,5.413057881800564353e+00,7.291460762185584699e+00,1.611282503370821573e+00,-1.370673422867296321e+00,1.756066509990806779e+01,2.006066912118744312e+03
8.454438956590857401e+01,4.038722283379449323e+02,1.866151198726255870e+03,2.817329701742271936e+03,4.067148868162667895e+03,2.172706543186313510e+01,9.302799107962870906e+00,1.611726417286000057e+01,-4.505879675160593401e-01,-3.015507703698890207e+00,1.792105579177434294e+01,2.013842997331940296e+03
9.485068108593345926e+01,3.016574108607808284e+02,1.739785416354203562e+03,2.824438456586515258e+03,3.813980126300883512e+03,2.716641833486633217e+01,1.076887076192400805e+01,1.230321521079110880e+01,-7.015619140331813774e+00,-9.847208252099944659e+00,1.561392729652791367e+01,2.022571288528950618e+03
1.374269731517454716e+02,3.912116587266930310e+02,1.653363090803599789e+03,2.842555331196752832e+03,3.943269767308818246e+03,2.564150537626778004e+01,1.631102053243835570e+01,1.281124737501759547e+01,-3.320134207153083050e+00,-8.141534361887373450e+00,1.744374210827395899e+01,2.015731223660658543e+03
1.168359300122720299e+02,3.654387028239727329e+02,1.828494247310584569e+03,2.785378852638953049e+03,4.007224423154993019e+03,2.318633153605482633e+01,1.223519000621948116e+01,1.215834111389152561e+01,-4.850371538169295782e+00,-7.867937242202217796e+00,1.728927494855297908e+01,2.012816534123395058e+03
4.751103798371699583e+01,6.280975337716911326e+02,1.857078401807801583e+03,2.785848756784434954e+03,3.914903863280982478e+03,4.308563693238407488e+00,1.926637723963993309e+01,1.093356766849166206e+01,2.984398669978385321e+00,2.732974167480042293e+00,1.797889714046277376e+01,2.007889173662643088e+03
7.999886586932632326e+01,3.139051311696149469e+02,1.835140408907235724e+03,2.916817002475380832e+03,3.870683848715648310e+03,2.594868347813948972e+01,7.482153403728105445e+00,1.606893286592585568e+01,-4.053084493348936057e+00,-4.375331699736560331e+00,1.594447569971958245e+01,2.008680421552832740e+03
3.829074293825602382e+01,5.224157469622128929e+02,1.667500922196085412e+03,2.779474258850784736e+03,4.048268318046304103e+03,1.574076161722516254e+01,8.466048180872666862e+00,1.295777345052277241e+01,4.099334829379597700e+00,2.883312153014068624e+00,1.728816429002576882e+01,2.005249369023249983e+03
4.577061767381489688e+01,4.691675725537221524e+02,1.728785873841851526e+03,2.726370051522148515e+03,3.747234137577171623e+03,2.057907853440986656e+01,4.867574604034966335e+00,1.323079539155519768e+01,-7.476956510663365085e-01,-3.475271983509897744e+00,1.705703806871035866e+01,2.007368695594512928e+03
1.041412552347416920e+02,3.992929810719962234e+02,1.877049208541290000e+03,2.868595739904712900e+03,4.076647197758538368e+03,2.073978278756273497e+01,3.886140739979643932e+00,6.674231969417286692e+00,-7.356798413098980305e+00,-9.673327679323980632e+00,1.691083943593157457e+01,2.012865196036113275e+03
1.166171882480330311e+02,3.673674867381540139e+02,1.827742482954024581e+03,2.949885214584588994e+03,4.016565409915861892e+03,2.379453977307570511e+01,6.646141672231311581e+00,1.235677572703462523e+01,-2.503680569354976626e+00,-6.313878338331325502e+00,1.705265080941265410e+01,2.013151406282762309e+03
1.122133488566389730e+02,3.423501148670261500e+02,1.785423884660660406e+03,2.808621253744029218e+03,3.908612928783535608e+03,2.592992626704240777e+01,1.435696466477135225e+01,1.604751793584395259e+01,-9.507114621065082538e-01,-2.839510634412942380e+00,1.637069030520230228e+01,2.017178584551214499e+03
4.660900524236717501e+01,5.423955113689985410e+02,1.799656834827492958e+03,2.772300117130980198e+03,3.710563102356938543e+03,1.621381294148334362e+01,5.521931321723936748e+00,9.223474314354211501e+00,9.155233921551396703e-01,-6.072424741036916984e-01,1.761613870860760755e+01,2.009576803348249996e+03
5.928814038899520256e+01,4.514980651871770192e+02,1.609204884346540894e+03,2.698898210547272811e+03,3.600393113035129772e+03,2.386934442662676048e+01,1.215026765251165841e+01,1.337223384535315063e+01,7.098471571955151660e-01,-1.928146511579742928e+00,1.745080897791257613e+01,2.007050380539382559e+03
1.194880485936065213e+02,4.257922141018478897e+02,1.794173690104473280e+03,2.842598811218405444e+03,3.873880028123556258e+03,2.064675720475070619e+01,6.494866136752778907e+00,1.331958767306782576e+01,-8.244482043125028747e-01,-2.539198901235625971e+00,1.706638074188560594e+01,2.011631905780803436e+03
3.858213725921621773e+01,3.748717879935530846e+02,1.513277768984436989e+03,2.649745807910250278e+03,3.666175783498163582e+03,2.842554241537709103e+01,1.344654439802204493e+01,1.681885596588812248e+01,2.152112927331732095e+00,-1.028568606167165056e+00,1.767968213666943456e+01,2.004403627364142721e+03
1.064407020751093569e+02,8.017151995010935934e+02,2.016696432577332416e+03,3.052688036211656708e+03,4.165484118145155662e+03,1.342427393771415733e+00,6.847918994444984975e+00,6.911781924131463306e+00,2.940764582561681273e+00,1.669793494493679864e+00,1.853706893990840854e+01,2.010218188422017420e+03
1.050970764315999446e+02,7.708422957367545223e+02,1.920628699510686374e+03,2.985091374608803562e+03,4.126750307909902403e+03,6.640439448923385335e+00,5.355217365930308837e+00,5.894023142973704665e+00,5.508346505517091041e-01,-2.605153766155881012e+00,1.851867352359944974e+01,2.007566763402352308e+03
3.784950951733096502e+01,4.931046753458109038e+02,1.738198447202941907e+03,2.757436422269855484e+03,3.730797620908032059e+03,1.225270978210246220e+01,7.357728609543734422e+00,-8.793340613596806188e-01,-8.619252351007489210e+00,-6.974181574973129294e+00,1.842863022780822035e+01,2.007533309721421801e+03
1.019125644885686626e+02,4.096358204454145948e+02,1.631775220776373772e+03,2.529893597022379254e+03,3.801769024970232294e+03,2.182364970636862012e+01,5.051931961124703108e+00,9.835651532666208396e+00,-4.374447572611463109e+00,-7.468809193444688965e+00,1.613264865740744014e+01,2.012140527363833371e+03
4.533940209803021304e+01,3.815138590490099659e+02,1.580540368683859469e+03,2.625419008008858782e+03,3.746129696435658843e+03,2.173042662585471518e+01,6.445681387313151767e+00,1.946148737757900093e+01,2.888958752196236546e+00,-3.042131294516738915e+00,1.684636992552231050e+01,2.006397660010371737e+03
4.698485759258889516e+01,2.945927063341416101e+02,1.692403874165292564e+03,2.673064415895140883e+03,3.761778947440348475e+03,2.764261915160370719e+01,9.451665343341609571e+00,1.386322973575062356e+01,-5.807839915838834521e+00,-8.151405346130406571e+00,1.633331297946491034e+01,2.010812573207109381e+03
6.046038064965105008e+01,4.555333551867349229e+02,1.581248964306859989e+03,2.635865789718196083e+03,3.625080762778671215e+03,1.973458279970501650e+01,5.914581077729859082e+00,1.385505945468634614e+01,6.250160979397351158e-01,-1.078839963364178312e+00,1.742068693642104904e+01,2.010362359422998225e+03
1.051292443503489551e+02,5.699090999459079967e+02,1.855653621861158399e+03,2.807990732115120409e+03,3.906186812777044906e+03,1.392082461505474633e+01,4.153556167902488383e+00,5.275132906009861067e+00,-5.498395459178952116e+00,-8.102789244033417049e+00,1.695264050008957923e+01,2.018143098979570368e+03
5.513124448997816529e+01,5.224464660395180999e+02,1.600890858670769376e+03,2.474027767202204359e+03,3.534155560394226541e+03,2.105203277355295910e+01,2.609605023408192892e+00,-8.723152814721238379e-02,-5.724545086637836455e+00,-8.220304752044397034e+00,1.856359413202494579e+01,2.008677279130969055e+03
9.164966876593418021e+01,6.081743949359159842e+02,1.887110994228144364e+03,2.919753527281970946e+03,4.015169768280473363e+03,1.297645330804026287e+01,5.469591441410170063e+00,1.799255217961168440e-01,-1.077245119637880322e+01,-1.318159561641736310e+01,1.805561831681445994e+01,2.012827920500305254e+03
4.073279691024824700e+01,5.781164909122729796e+02,1.744471223946785585e+03,2.734086488816535621e+03,3.790512461849970350e+03,1.599677924583365041e+01,1.573519608999331076e+00,1.845381021103703389e+00,-4.056368360795032935e+00,-7.442419206381072350e+00,1.726728848843297826e+01,2.010253412786693389e+03
3.943723875996956707e+01,5.717507633651522383e+02,1.699370162294148713e+03,2.766638684108101643e+03,3.787734128363849777e+03,1.467163629026721772e+01,6.681419252993322289e+00,3.569613790823152222e+00,-2.066456150540787018e+00,-2.970270655420550021e+00,1.777703059726195889e+01,2.006959481455380228e+03
4.344689078923192938e+01,4.196005719004352272e+02,1.704052434928435787e+03,2.630561629539076876e+03,3.823675728810650526e+03,1.870864413254672698e+01,4.761615243952593168e+00,1.412181278370709236e+01,2.962602392706074728e+00,1.383639207216089129e-01,1.624795915604959617e+01,2.008827328483358770e+03
3.946520919065034150e+01,5.521300389013391623e+02,1.696774734967267705e+03,2.740120689504001348e+03,3.800427599407657908e+03,1.790394829366934459e+01,6.843916699160373263e+00,7.560675139604281725e+00,4.513615871946280222e+00,5.557129907278769210e+00,1.785175988734481223e+01,2.009637611721447684e+03
3.902911689104995929e+01,4.830519364432279303e+02,1.628812476046274696e+03,2.582296125616407153e+03,3.818305068191275950e+03,1.651137877408933718e+01,5.753751507298141554e+00,6.511535530250708526e+00,-2.050016024358919609e+00,-5.983852458648017070e+00,1.812919398238787139e+01,2.007188755468586578e+03
5.411889876102146246e+01,5.219509820904750086e+02,1.793941199573831909e+03,2.746727018432059594e+03,3.853566308371168816e+03,1.510943238073014427e+01,6.923929533442963802e+00,1.983348947275634488e+00,-8.317238227404841311e+00,-9.375058526061186726e+00,1.738511939139103646e+01,2.009273829432904904e+03
4.980642491006578609e+01,4.041872505419180470e+02,1.668089807806976978e+03,2.827593402875094853e+03,3.842985289868652671e+03,2.122084958622951234e+01,4.662502958572377842e+00,9.374171018559801283e+00,-2.457985645381775552e-01,-6.201486317745320553e-01,1.789607554388741661e+01,2.004925309765449128e+03
3.942868009004919116e+01,3.977092349437774601e+02,1.603952367576597453e+03,2.631230654045880783e+03,3.696794563806746282e+03,2.318754741107659001e+01,5.632081460175643706e+00,8.574695188474176888e+00,-4.665884883313459852e+00,-7.272189486546073667e+00,1.741321685701993260e+01,2.007724357455600511e+03
8.124987513703028696e+01,5.147796073770654175e+02,1.793258123952016604e+03,2.749104219397831457e+03,3.875458821988449472e+03,1.444152206626664459e+01,1.079930477531572564e+01,1.603591203333535375e+01,5.470313677648110939e+00,1.699438321155914755e+00,1.611236119507852393e+01,2.009007888771009902e+03
1.067936981744995251e+02,4.021764848898875471e+02,1.745463817396185732e+03,2.890513624955875912e+03,3.894369445139567233e+03,2.464041998928622945e+01,2.494549357083754515e+01,1.018116201858051717e+01,-4.530496663907086052e+00,-6.750635723751321038e+00,1.738187067941251485e+01,2.018227026214593934e+03
5.743273763401708720e+01,3.080187587783801746e+02,1.679159948016437284e+03,2.673181633696064182e+03,3.689925094155752504e+03,2.626521251306280291e+01,2.579192833650330030e+01,1.634470200330569867e+01,-4.323017016302370230e+00,-6.280507387383854834e+00,1.717524212974659648e+01,2.012152612638412847e+03
6.252998395672155851e+01,4.409530174790472188e+02,1.716304733858693453e+03,2.879817483907396763e+03,3.853333778705910390e+03,1.688454425270629500e+01,1.018184004612675864e+01,1.476043684299994396e+01,-1.696300512077647815e-01,-4.379123466183370006e+00,1.676449444161288227e+01,2.008365919480260800e+03
1.178376006901896034e+02,5.420354290708203280e+02,1.839997587460856948e+03,2.874454631128445726e+03,3.997989242346813626e+03,1.501875760072003452e+01,6.643645998725457247e+00,7.300966587708577649e+00,-4.027015002828799317e-01,-2.321886969974066961e+00,1.590893393158088642e+01,2.016684468181314514e+03
5.048335669540564652e+01,4.500287685734589331e+02,1.517769452350836445e+03,2.635480355069860252e+03,3.852317018537416516e+03,1.823340829890200254e+01,2.785399870846708481e+00,1.170824644233331213e+00,-9.624426537068229592e+00,-1.481896418259522896e+01,1.708379961574022587e+01,2.008799346231741993e+03
5.738877463580659111e+01,4.209192813433828633e+02,1.591248797417027845e+03,2.638356812559897207e+03,3.815281436401977317e+03,2.564064388264976557e+01,4.392299895284795141e+00,5.853114836780538788e+00,-4.601707785465523948e+00,-9.529870611015089921e+00,1.666009634000639750e+01,2.008271657149230805e+03
5.484193432921365741e+01,4.652232021222755520e+02,1.635578906431380119e+03,2.668059357276129049e+03,3.799494948988177384e+03,1.813087518515958507e+01,5.324290796773420098e+00,5.616654126817518744e+00,-4.709667513996103061e+00,-4.602310708314844234e+00,1.761062741706851753e+01,2.008042209908925543e+03
5.565252386998859180e+01,4.516116975052503903e+02,1.748324568996715016e+03,2.628255672812892499e+03,3.871962815179588688e+03,1.969433236986653668e+01,9.768305452435148695e+00,1.090002569811257160e+01,-8.857655089788901703e-01,-4.265013092622599089e+00,1.802353805312320389e+01,2.008549604559680574e+03
1.264789004974466025e+02,4.721663403539925525e+02,1.726916656342504666e+03,3.033930191631534854e+03,4.075866372226561907e+03,2.030978063731919292e+01,8.970506019795855934e+00,1.328731024231814395e+01,-2.206756649560478678e+00,-6.237657358359463444e+00,1.664808700619772353e+01,2.012557107935356044e+03
5.188907285651995949e+01,5.672312556571334881e+02,1.747179079675702496e+03,2.757785889540984954e+03,3.841573243039877525e+03,1.581970492456776611e+01,3.808013942203995139e+00,8.531704085334615328e+00,4.122484326510302832e-01,-2.828186342491949112e+00,1.747155952025399017e+01,2.011208414795949238e+03
5.993161091017253028e+01,5.478799713140515451e+02,1.678393363524624647e+03,2.781138175738602058e+03,3.890471497907145476e+03,1.579911441299896779e+01,3.240051643879255483e+00,7.293934224636216435e+00,-2.110425902413514132e-01,-2.971099607445405688e+00,1.577045764632226721e+01,2.012607048342179496e+03
6.429088885904286599e+01,4.186469116060451370e+02,1.747207491209941054e+03,2.711938872745110984e+03,3.909117703747705946e+03,1.595101787994705234e+01,6.854631271110295465e+00,1.692921537700995316e+01,-1.947110721805240585e+00,-5.607173010433556648e+00,1.648524938083617641e+01,2.008642299910152815e+03
9.911312047050445528e+01,3.565081956583514398e+02,1.639963867718965048e+03,2.759716025215740046e+03,3.798325915373126463e+03,2.892378401210767080e+01,6.931290635729355110e+00,1.718911821727937905e+01,1.367330404715094705e+00,-5.207247839095807684e+00,1.770907464184141134e+01,2.007659246734850740e+03
